{
  "image": "files/43_lydford_road.jpg",
  "bedrooms": [
    {
      "box": [
        74,
        176,
        118,
        77
      ],
      "ocr_text": [
        "Bedroom",
        "11'10x9'0",
        "3.60x2.74m"
      ],
      "raw": "Bedroom 11'10x9'0 3.60x2.74m",
      "m": [
        3.6,
        2.74
      ],
      "ft": [
        11.833333333333334,
        9.0
      ]
    },
    {
      "box": [
        738,
        492,
        19,
        276
      ],
      "ocr_text": [
        "n"
      ],
      "raw": "n",
      "m": null,
      "ft": null
    },
    {
      "box": [
        614,
        404,
        126,
        84
      ],
      "ocr_text": [
        "Bedroom",
        "12'6x10'10\"",
        "3.80x3.30m"
      ],
      "raw": "Bedroom 12'6x10'10\" 3.80x3.30m",
      "m": [
        3.8,
        3.3
      ],
      "ft": [
        12.5,
        10.833333333333334
      ]
    },
    {
      "box": [
        625,
        678,
        145,
        113
      ],
      "ocr_text": [
        "Bedroom",
        "12'6x9'0",
        "3.81x2.75m"
      ],
      "raw": "Bedroom 12'6x9'0 3.81x2.75m",
      "m": [
        3.81,
        2.75
      ],
      "ft": [
        12.5,
        9.0
      ]
    }
  ],
  "total_area": {
    "box": [
      113,
      964,
      577,
      49
    ],
    "ocr_text": [
      "Approx.Gross Internal Area:1063 ft2..98.8 m2"
    ],
    "raw": "Approx.Gross Internal Area:1063 ft2..98.8 m2",
    "m2": 98.8,
    "ft2": 1063.0
  }
}